"ID","Title","PageCount"
"101","Book 101","10100"
"102","Book 102","10200"
"103","Book 103","10300"
"104","Book 104","10400"
"105","Book 105","10500"
"106","Book 106","10600"
"107","Book 107","10700"
"108","Book 108","10800"
"109","Book 109","10900"
"110","Book 110","11000"
"111","Book 111","11100"
"112","Book 112","11200"
"113","Book 113","11300"
"114","Book 114","11400"
"115","Book 115","11500"
"116","Book 116","11600"
"117","Book 117","11700"
"118","Book 118","11800"
"119","Book 119","11900"
"120","Book 120","12000"
"121","Book 121","12100"
"122","Book 122","12200"
"123","Book 123","12300"
"124","Book 124","12400"
"125","Book 125","12500"
"126","Book 126","12600"
"127","Book 127","12700"
"128","Book 128","12800"
"129","Book 129","12900"
"130","Book 130","13000"
"131","Book 131","13100"
"132","Book 132","13200"
"133","Book 133","13300"
"134","Book 134","13400"
"135","Book 135","13500"
"136","Book 136","13600"
"137","Book 137","13700"
"138","Book 138","13800"
"139","Book 139","13900"
"140","Book 140","14000"
"141","Book 141","14100"
"142","Book 142","14200"
"143","Book 143","14300"
"144","Book 144","14400"
"145","Book 145","14500"
"146","Book 146","14600"
"147","Book 147","14700"
"148","Book 148","14800"
"149","Book 149","14900"
